784,79,Cry for a Shadow,,1
789,79,Ruby Baby,,6
626,64,Oi sviride sviridotchkou,,7
806,81,They way you smile,,4
807,81,Bikini,,5
808,81,Da Me Cinco,,6
452,38,Still in Me,,5
378,32,Love Me Tender,T'ee,16
714,72,Byrd / Magnificat,,10
717,72,Byrd / Fancy for my Lady Nevell,,13
523,44,Punjabna,,5
536,45,Tema D'Amore Del film,,6
861,85,Shunyata: the open dimension of our being,,6
968,95,Original,Silage,2
971,95,Shelter Me,Among Thorns,5
999,97,Third World Child,,11
1066,103,我想忘記妳,,1
1118,106,Eu não Toco Raul,,5
1435,130,Waxolutionists Restored,,1
1249,118,Clarinet Quintet in A, K. 581 - III. Menuetto,
1283,121,Schubert: Die Allmacht,,8
1345,125,Les Playboys,Jacques Dutronic,3
1158,109,Pumping On Steel,,9
1159,109,Flesh For Fantasy,,10
2491,212,Touch 'em with Love,,1
2500,212,I just do n't know what to do with myself,,10
2420,207,Tom McConville's Idea/Arthur's Rover/The Black Cat Reel,,8
3634,291,Caravan,,10
3635,291,Black and Tan Fantasy,,11
4300,344,Quiet Desert,Karim Azedia,12
80947,6066,You've Said It All,,4
271838,20292,Flor Del Norte,,14
5037,399,Dr. D,,17
8919,671,Man On A Mission,,2
18825,1413,Country Night,George Winston,4
5442,428,It's Bigger Than Hip-Hop,,16
6042,472,Daydream,,11
6043,472,Summer In The City,,12
6045,472,Henry Thomas,,14
6046,472,Don't You Just Know It,,15
6383,497,Peirol Forces the Road Block  [from ''The Adventurer''-1967],,7
10703,795,Track,,2
6867,531,Havana Mambo - cuba tu isla,,7
7813,594,Made,,2
6254,487,Der Anruf in der heiligen Nacht,,7
6258,487,Scène Pastorale,,11
7816,594,Explicit,,5
7291,561,C-24E,,30
7294,561,D-3　ブリッジ・コレクション,,33
7377,563,A47,,15
7636,579,Who Can Describe,Andy Smith,8
8068,609,Every Minute That You're In It,,11
8136,615,Precious Lord,,10
428,35,Apaga O Fogo Mané,,12
9242,694,Spice Girls / Christmas Wrapping,,2
10559,783,-,-,22
156408,11715,Calm Like a Bomb,\N,3
42349,3154,Rip Chords / Hey Little Cobra,,2
13105,976,The Specials / Pressure Drop,,6
15465,1141,No lo ves,,16
13554,1008,Valencia Î÷°àÑÀÖ®¸è,,3
14027,1044,Special Instruments,,9
13794,1026,Il est né le divin enfant,,14
15035,1117,Bombopolis,,1
15040,1117,Outpost Anom - Outpost Balor,,6
15043,1117,Beast Ride,,9
15655,1158,Sha La La,,1
16835,1250,(Your Love is a) Lesion,,8
16011,1185,Bånsull,,10
16127,1194,Vivre avec toi,,12
17480,1305,Angels We Have Heard On High,,4
18292,1369,Astrovoid / Time Machine,,7
85478,6417,Geenie (feat. Brian & Tony Gold),,4
21669,1634,Rezitativ,,19
55822,4156,Dresse ton stress,,10
22308,1683,Chapter 01 c,,7
23873,1797,Goodbye, Goodbye,
70313,5239,La Vie En Rose,,21
219307,16359,Bastille Day,,1
219329,16361,The Wayfarer,,3
103144,7749,Nuttin' Nyce / Show Me,,13
25564,1891,Des Pas Sur La Niege,,11
26225,1942,Wretch,,13
26871,1997,DIANE,THE BACHELORS,1
101466,7624,Una vez más,,10
30066,2222,Oboe Y Fagot.K003,,4
32057,2362,Onward Christian Soldiers,,27
32060,2362,Jesus Wants Me For A Sunbeam,,30
32186,2368,The Steadfast Love of the Lord,Edith McNeill,15
18455,1382,'Cept Old Bill,,13
33167,2445,u-ZIQ / Hector's House,,11
171153,12819,Clarinet Concerto in A major, KV622: I. Allegro,
34698,2565,Al Simmons / Where Did You Get That Hat?,,1
191240,14318,Scherzo, Allegro non tanto,
36185,2679,Recuerdos,,1
37945,2807,Porque Tengo Ganas,,17
38269,2836,RUDOLPH THE RED-NOSED REINDEER,Dean Martin,11
38772,2880,Der Parzifist 3,,10
198774,14895,Operation:Mind Control,,3
46741,3490,Collide,,9
47085,3514,Hablemos Del Amor,,2
47528,3547,O Little Town Of Bethlehem,Mahalia Jackson,8
48563,3623,Clowny Guy Trilogy,,15
50553,3772,Cheeseburgers,,2
53834,4018,White Christmas,,9
54165,4037,I Fall,,6
54258,4042,Pagan Baby,,9
94055,7063,Jenifa Taught Me (Derwin's Revenge),,6
67876,5067,Boogie Woogie Bugle Boy,,10
59124,4395,Being Together,,3
230634,17230,20 Lynley sah Barbara nach,,6
62961,4695,JINETES EN EL CIELO 11,,11
64249,4785,St. Louis Blues,,20
64273,4787,All That Talking,,13
842,83,Entregue-se agora,Rosivaldo,12
66578,4967,Speak Lord,,8
67496,5037,Sally Goodin,,9
68329,5098,Rozumne stastne kralovstvi,,6
85015,6381,The Return of Lasse,,14
70522,5256,恨五百年,,5
145202,10873,The McGuire Sisters / Sugartime,,7
71208,5308,The Letter From Long Island - August 1970,,5
162519,12169,Glenn Miller / Rhapsody In Blue,,11
72171,5382,Kaye Styles / Prison Break,,9
74912,5600,The Power Of Bhangra,Snap! v Motivo,5
74918,5600,Yesterday,Jason Ames,11
76157,5685,Kapitel 05,,5
76219,5689,Mick Hucknall / I Pity The Fool,,13
76957,5756,Selbsthypnosetrainig 2 Tiefer gehen,,12
77194,5772,Wishing I was there - Natalie Imbruglia,,9
78034,5830,Track 06 [Wilhelm Götze],,6
78063,5833,Blaston auf Kanzelle 4,,1
79056,5906,Monolog,Donnacha Costello,9
79295,5925,Puer Natus,,3
151886,11364,Chant Avec Cithare,,17
297867,22308,Untitled Hymn,,9
82879,6211,A la claire fontaine,,14
85604,6427,Troppo,,7
85889,6449,Donna Summer / I Feel Love,,12
87017,6536,Tattered & Torn,,7
266682,19923,Albur Perdido,,8
88833,6670,With God On Our Side,,6
13939,1037,He's Mine,,8
93365,7016,Sunshine Of Your Love,,20
93585,7032,As tears go by,,4
93632,7035,Wand'rin' Star,,2
103065,7743,Numb,\N,13
270669,20212,Traigo La Alegria,,10
101276,7610,Andrew Bennett / Safe From Harm (Simon and Shaker Remix),,8
101626,7636,Mr. Chevy Celebrity,,6
215979,16119,No.3 in E Major Op 6 No.3,,3
105804,7948,Somebody Stole My Gal,,14
175853,13162,Speed Kills,\N,9
108067,8112,Carmen - Aragonaise,,10
113148,8492,Water - Four Circles of Life,,1
286271,21425,Nice Work If You Can Get It,,6
286272,21425,Please don`t talk about me me when I`am gone,,7
117312,8806,Billy Pilgrim / Sweet Louisiana Sound,,3
117577,8821,Miro per la finestra,,10
120209,9025,Vague d'amour,,8
122337,9185,Der Schläfer,,8
124075,9307,Right On,,4
127112,9541,Merry Christmas Everyone,,22
127226,9551,Lawdy Miss Clawdy,,8
127395,9563,I CRIED TODAY,,10
129485,9716,Fourteen Black Paintings,,8
133920,10049,Track 15,,15
134442,10086,Bill Haley / Razzle Dazzle,,6
165940,12422,Oseh Shalom,,13
135892,10201,Stefan Heucke Sonate Op.23 III. Elegie,,11
176517,13206,Penguin,History,19
139936,10486,Disk 1 Track 23,,24
140765,10543,Ahora me da pena,,6
141218,10577,Corner Pocket,,5
142205,10651,51 / Liebe und Finsternis,,3
145825,10917,O min flaskin,,5
56709,4222,Tiny Bubbles,,1
149211,11156,Jazz Fest,,10
150498,11252,Radiohead / There There,,9
153033,11445,As Long As I'm Singin',,13
153234,11461,De mis gustos,,3
153792,11500,Knicky Knicky Knacky Noo (repeat),,39
155951,11674,Tilhas?,,5
156000,11677,Candido / Jingo (Mount Rushmore Mix),,9
156322,11708,C. Debussy - Le Petit Negre,Philip Jones Brass Ensemble,11
156419,11716,The_Seeing_Stone-02,,2
156469,11719,Di Tu Se Fedele,,8
156743,11739,Goodbye Today,Another Empty Box,12
159049,11914,Paul Simon,,2
159393,11940,Three Cups of Tea - Disc 9 - 06,,6
294477,22048,Peace On Earth,,1
161674,12103,Meu Coração na Cruz,,7
161855,12119,Die Geister Scheiden Sich,,14
285072,21338,One Solution (Chaos & Mayhem),,1
289891,21691,Sir Douglas Quintet / She's About a Mover,,9
168241,12599,Fuiste Mia,,9
168304,12606,Awaking,,11
169214,12675,Alas! And Did My Savior Bleed,,8
170016,12734,Maggie,,7
174862,13089,30 cops,,6
171846,12873,You Crazy Thing,,9
172970,12950,Miénk a világ,,4
173617,12998,Harping on a Harp,,16
176151,13179,Felling Gravity's Pull,,7
177101,13255,Matthäus-Passion 63 - Rezitative "Und siehe da",,25
177183,13261,The Monk And The Mermaid,,7
248312,18555,The Earth Is Our Mother,,16
185325,13882,Dans les Jardins de Baya,,7
185717,13906,Born To Drive,,7
185814,13909,20a Übung 1b,,57
186008,13920,Bienvenida,,18
182806,13685,Shvarts Bistu Shvarts,,8
188380,14102,Don't Get Sand In It,,7
190077,14230,Honky Tonky Women,,12
147122,11009,11 Pickwickier,,11
226604,16912,Hertel, Konzert Es-Dur: Arioso,
194916,14602,Estranha forma de vida,,1
196800,14752,Une Ombre Dans Le Ciel,,8
200648,15024,O Quereres,,14
200678,15026,Anon. / A Conzonetta,,16
208147,15574,Monday. November 5th,,7
205467,15382,Quiet Riot / Bang Your Head (Metal Health),,10
206835,15482,So Cold,,1
207796,15553,Znameni,Divokej Bill,7
211742,15807,Regen,,59
213254,15920,My Beat,Blaze,3
214815,16032,Estrellitas y Duendes,,4
216442,16155,Wechsel Garland - Mutes (DJ Koze's broken CD-Mix) 2006,,10
217210,16206,Loot at me (instrumental),unknown,14
218469,16298,year 2000...,,4
220310,16442,Mishra Khamaj,,5
221673,16546,Eine Nacht auf dem Kahlen Berg,,6
221676,16546,Danse Espangnol,,9
223429,16677,Kdyz budu mit stesti,,13
224316,16749,Herzlich Willkommen Im Irrenhaus,,1
224878,16793,Serenata Notturan KV 239 - 2. Menuetto,,2
225199,16815,The Empress of Ireland,,3
225638,16846,Velvet Girl,Velvet Girl,12
146214,10947,Love, Gloom, Cash
227435,16976,Delibes / Flower Duet (Lakme),,15
228725,17079,Zé e José,,1
228791,17083,Filhos da Noite,,9
236249,17614,Pizzaïolo (live),,15
242809,18108,Little Drummer Boy (Radio Promo),,7
230241,17198,Without Me,,10
230564,17225,Primitive,,2
232337,17351,Welcome Home,,2
236716,17655,Hungarian Rhapsody No. 2,Liszt,5
238010,17752,Petao Peca i Kosa Kokica,Bjuti Kvins i Decji hor RTS,5
239014,17821,Triple concerto in A minor,,13
239881,17897,All The Same Tonight,,3
239921,17900,Space,,2
240486,17943,Indiana,,6
241383,18011,Slightly Drowsy, Blue Maggie,
245445,18317,Clint Eastwood,,2
246272,18378,Frasse,,3
248771,18593,Arriva la bubbana,,14
248772,18593,Domenica non è,,15
249335,18632,Los Bravos / Black Is Black,,18
250213,18704,The Trees Began To Annoy Her,,2
251556,18788,Tie Me Up! Tie Me Down!,,9
252284,18844,Messe en sol majeur - Gloria,,12
252285,18844,Messe en sol majeur - Sanctus,,13
254595,19003,Grieg / Morning Mood,,13
253764,18947,Going on a Trip,,10
152982,11442,Improvisation (Vièle),,11
256351,19141,Flag with No Nation,,8
257648,19238,Leftovers,,7
258072,19275,Mockingbird,,3
260779,19479,Promenade,,16
258791,19332,Waitin' for the bus-Jesus just left Chicargo,,2
267590,19996,Rock N Roll Ruby (John R.Cash),,8
261742,19547,Helicóptero (Toninho Ferragutti),,3
263114,19649,Oh Atlanta,,1
263459,19673,Cities,,14
263471,19674,Rain,,5
263707,19690,We Want You,,13
265742,19847,Jamie,,6
265959,19866,Wheel Of Death,,4
266395,19901,Straight to your Soul,,3
269607,20157,Tausend Augen,,4
269902,20181,Jay Chevalier / John T John,,28
270069,20195,Khaled / Didi,,15
271994,20305,Moon Reflected in the Pond,,7
273046,20399,Chapter 84,,19
274169,20491,Just My Imagination (Running Away With Me),,5
274650,20524,Oh Lawd, I'm On My Way,
276463,20664,Tijgerverdwijnmedicijn H9,,2
276464,20664,Tijgerverdwijnmedicijn H10,,3
278984,20850,Joseph's Coat,,4
278914,20843,The Big "What If",,10
278915,20843,As Long As I'm Not Here,,11
282804,21156,Falla: Ritual Fire Dance from El Amor Brujo,,15
284883,21324,Líbezná,,3
281463,21052,Springtime in L.A.,Albert Lennard,2
288544,21593,Jimmy Dawkins / Gotta Hold On,,13
289702,21677,Once Upon a Time in New York City,,1
288929,21619,Woody's Last Ride,,16
290277,21719,Drak,,13
242128,18067,Blood Stained Fist,,7
266345,19896,Belthane,,3
295036,22092,Old Home Place,,12
296178,22176,My Lady Wind,,8
302325,22668,Richard Wagner: Schmerzen,,17
303658,22778,Gunrunner,\N,3
303674,22779,I Gotta Know,\N,6
303805,22792,Project Gangster,\N,11
304685,22868,Cancer,\N,1
304711,22869,A World Of Black And White,\N,13
304829,22878,Brake Light,\N,1
305389,22920,Simple,\N,5
305438,22925,Why - Radio edit,\N,6
305447,22926,In Awe,\N,5
305678,22945,wanna be startin' somethin',\N,11
306060,22976,Tough & Tender,\N,5
306492,23011,Esperando Verte,\N,5
306781,23036,Undertow,\N,8
306821,23039,Alias Ramirez-Bala Madre,\N,14
307242,23076,digital sensualizer,\N,6
308363,23167,Playa Of The Year,\N,12
308855,23207,You Were There,\N,8
309426,23250,Beat 20,\N,20
309944,23296,Laws of Love,\N,2
309966,23298,Chit Chat,\N,5
310066,23307,We Keep Our Game Tight - Jay Tee Feat. Young Dru,\N,10
311233,23408,shira's mambo,\N,9
311602,23439,Luv-N-Lust,\N,15
311603,23440,Party To The Break Of Dawn,\N,1
311822,23458,Moving The Stereo,\N,5
312073,23480,My Cheri Amore,\N,11
312251,23495,August in Grace,\N,1
312911,23546,Euthenasia,\N,12
312912,23546,All I Eva Wanted,\N,13
313330,23585,Burn freestyle,\N,5
313720,23614,All The Way,\N,15
313724,23614,V Drum Practice,\N,19
313820,23621,Dear Father,\N,2
314072,23644,59 59 times 54 feat. DJ Illuminati,\N,10
314073,23644,What Happened to Me? 54,\N,11
314856,23710,Listen To Me,\N,3
315390,23751,Let's All Get Stupid,\N,2
315792,23787,Invisible,\N,3
316569,23849,Get Nice (pineapple rum),\N,7
316776,23865,Broken - Peter O.M.E.G.A. and dogfight!,\N,9
317078,23891,The Center,\N,6
318142,23982,You Got That (Feat. Kenny P. Jr.),\N,14
319038,24057,Angel Unaware,\N,7
320187,24167,The Takeover,\N,2
320901,24230,Cuckoo Waltz,\N,4
320911,24230,Warren Waltz,\N,14
321659,24295,Heaven,\N,5
321828,24311,deal with this in the morning,\N,9
322177,24336,From a Distance,\N,5
322484,24362,Good Luck Charm,\N,11
322493,24363,Cold World,\N,9
322502,24364,Lick My Asshole,\N,7
322890,24399,Nasle Man O' toh,\N,6
322891,24399,Barab Barab Boom,\N,7
322892,24400,Wake Up!,\N,1
322898,24400,27 East,\N,7
322899,24401,Hood Dance,\N,1
322900,24401,Top of the World,\N,2
323083,24416,I Got My Nikes On,\N,4
323253,24431,Running Away,\N,2
323797,24474,Open Windows,\N,8
324382,24526,Reasons,\N,6
324397,24527,Keep On Truckin' (Live),\N,9
324424,24529,47 Seconds in the Park (DnB Mix),\N,10
324426,24529,Still Awake,\N,12
324427,24529,Sailing the Solar Wind (DJ Ness Remix),\N,13
324519,24536,Me And My Mic (w/Hush),\N,3
324522,24536,Step 2 Me,\N,6
324526,24536,Diary Of A Mad Emcee (Mike E. Clark Remix),\N,10
325271,24598,Spoonful,\N,20
325292,24600,An Old Black Man Some Day,\N,9
325293,24600,Wake Up Ophelia,\N,10
325609,24623,Y'mei Chanukah,\N,9
325611,24623,Hanerot Halalu,\N,11
325615,24623,Rock of Ages / S'vivon,\N,15
325617,24624,Beyond the Setting Sun,\N,2
325713,24631,won't you come along,\N,12
325723,24632,19X91,\N,10
325903,24648,Body And Soul,\N,2
326201,24668,Pi'n,\N,14
326202,24668,Get Up 2 Come Up,\N,15
326478,24688,Throw Your Hands Up,\N,14
326657,24705,If You're Ever in Oklahoma,\N,3
326745,24713,Please Please Come Back,\N,6
327017,24737,Hazmat,\N,6
327019,24737,When the Stars Threw Down Their Spears,\N,8
327020,24737,Orbit,\N,9
327734,24786,Have I Seen You Before (Hidden Track),\N,14
328021,24813,From the Heart of a Child,\N,1
328390,24845,Firefly,\N,1
328412,24847,See the Boy,\N,1
330067,25002,Overwhelm Me Part 2,\N,3
330532,25047,Just Past Laughing,\N,2
330533,25047,Heavy,\N,3
330607,25055,Vocalise,\N,2
330986,25090,You Shine,\N,5
332225,25204,Hypothetically Speaking,\N,10
332678,25246,Destination Still Unknown,\N,3
333148,25299,Scrapbook,\N,13
333797,25355,Shout,\N,2
334330,25400,Blizzy Blah Blah,\N,5
334565,25423,Dardevle,\N,6
334897,25455,Bucolic Promenade,\N,7
336261,25586,Reverence,\N,1
336823,25637,Weathercock,\N,7
336892,25646,A Hush,\N,4
340156,25932,Packin Da Gat,\N,4
340581,25968,For the Light (Arianna's version),\N,13
341035,26008,Night Song,\N,1
341293,26030,Puesto Del Sol,\N,20
341300,26031,White Knight (Boyce: Dreams within a Dream),\N,6
341566,26056,Lovin' Hannah,\N,9
341760,26073,It's Alright,\N,12
341908,26084,Minstrel Boy (Trad.),\N,9
342328,26124,Welcome to My Party,\N,3
342945,26185,Shoganai,\N,1
343342,26219,Questions,\N,11
343793,26258,Dixon't Hornpipe,\N,19
344036,26278,Wushetën New,  Hiruth Girma,\N
344062,26281,Bati,\N,4
345299,26387,Making The Change,\N,3
346166,26466,Soul Etude,\N,4
346221,26470,Niyol,\N,12
346644,26508,Till the Pen Drops (KOD),\N,17
346922,26532,Beneath Where Rivers Flow,\N,2
347474,26585,Cowboy Dreams,\N,8
347693,26604,Maybe We'll Understand,\N,7
348240,26656,Cavatina,\N,6
348788,26700,A Walk,\N,1
348973,26716,Bugs,\N,7
349088,26725,Cream Ship,\N,12
349419,26750,Moonstone,\N,7
350239,26818,B.D.,\N,11
350488,26840,Forever Young,\N,12
350625,26850,The Longer Journey Less So,\N,13
351390,26912,Puttin It Down - Bosschrome/ Caprice,\N,3
352458,27007,Isaac's Lullaby,\N,6
352597,27019,Sex Mission,\N,8
352750,27038,The Enchanted Brook,\N,1
353497,27105,You Gotta Hate,\N,5
354194,27176,Amber Light,\N,4
354195,27176,Stormy Woman,\N,5
354438,27197,For the first time,\N,4
354664,27217,Cry Like the Rain,\N,15
354993,27246,I Could Try,\N,9
355033,27249,Send Me On Down,\N,15
355487,27291,Devil's Footstep,\N,2
355513,27293,Living the Music,\N,7
356634,27391,Home,\N,12
356806,27406,Inle,\N,6
356894,27412,Um Aviao,\N,5
356913,27414,Olvido,\N,1
357041,27426,Cult of Personality,\N,8
357415,27452,Come to This House,\N,1
357416,27452,Let Heaven Come Down,\N,2
358423,27545,Dance,\N,4
359638,27658,Couldn't Be Sweeter,\N,5
362115,27872,A Bakers Dozen,\N,2
362136,27874,Message For The Blind,\N,5
362139,27875,Broken Chains,\N,1
362142,27875,For My Lady,\N,4
362146,27875,Whiskey Before Breakfast,\N,8
362147,27875,Zeke's Theme,\N,9
362151,27876,Hallelujah,\N,1
362153,27876,I Gave My All To Him,\N,3
362157,27877,Creational,\N,3
362158,27877,Undwerminar,\N,4
362159,27877,Oscillate I,\N,5
362379,27893,Love is Divinity,\N,7
228941,17098,Meditations on Bug Motivation,,5
255168,19048,A Wish Away,The Wonder Stuff,13
135752,10190,Terra,,1
226368,16897,Suite No.1 - III. Courante I - BWV 806,,3
270363,20204,C30,,30
8797,662,Heinz Rühmann / Brief an Einen Jungen Dichter,,16
9130,686,They're Red Hot,,10
9132,686,Cross Road Blues,,12
37,4,Crossroads (R. Johnson),,7
38,4,Smokestack Lighting (C. Burnett),,8
191658,14351,Oh What a Circus (Evita),,8
147064,11006,Whole Lotta Shakin',,6
248471,18566,Espiegle,Claude Bolling / Jorge Gomez,7
86785,6519,Ciega, sordomuda,
242334,18081,Leçon 15,\N,20
287435,21506,Frederic Chopin / Nocturne No.7 in C-Sharp Minor, Op.27, No.1
260351,19450,Mi Sueno,Franco De Vita,11
104455,7844,Teen Taal (Cont'd),Kishan Maharaj,2
119736,8987,The Only One,,12
166129,12435,Sonata No.1 for Viola da Gamba & Keyboard in G Major BWV 1027: II Allegro ma non tanto,,2
218200,16277,Sonata No.32 in F Major - VII. Gigue,,13
279318,20877,üres,,17
270433,20205,D01,,1
244969,18277,Nobody Told Me,,6
13968,1039,I Wish,,5
105735,7944,Wir kommen auf dich gefolgen,,3
107192,8047,When I Was Young,,6
215389,16074,Etude Op. 10 No.12 in C minor,,12
226936,16939,Mersey,\N,12
209363,15662,This Time Around,\N,2
350748,26861,Zamba de Argamonte,\N,3
2632,222,Halbtöne [Delira dubbiosa] - Bariton,\N,16
160403,12010,Sick Butchers,\N,17
221747,16552,The Great Pretender,The Platters,2